Start Time, 2023-02-26 00:00:00
End Time, 2023-03-04 23:59:59
All Campaigns of:
Advertiser: Vanish(C18XVZJB4GD7)
campaign_id,campaign_name,campaign_status,Campaign Budget Type,campaign_budget,campaign_spend,views,clicks,CTR,average_cpc,ppv_direct_click,ppv_indirect_click,units_direct_click,units_indirect_click,units_direct_view,units_indirect_view,CVR,revenue_direct_click,revenue_indirect_click,revenue_direct_view,revenue_indirect_view,Direct ROI,Indirect ROI
GI5HQIN0I7VQ,VANISH_FSN_ALL_PCA_SM_MAR-23,LIVE,TOTAL_BUDGET,20000.0,9381.0000,32229,492,1.5266,19.0671,108,0,198,0,3196,0,6.8984,22383.0000,0.0000,406684.0000,0.0000,45.7379,0.0000
SESFDMDF0C24,VANISH_FSN_ALL_PCA_COMP_SM_FEB-23,COMPLETED,TOTAL_BUDGET,40000.0,10129.0000,24887,230,0.9242,44.0391,59,0,46,0,776,0,3.5739,5863.0000,0.0000,92019.0000,0.0000,9.6635,0.0000
FLL70HKAYDH2,VANISH_FSN_ALL_PCA_CAT_SM_MAR-23,LIVE,TOTAL_BUDGET,15000.0,2576.0000,11703,161,1.3757,16.0000,33,0,15,0,256,0,1.6832,1610.0000,0.0000,29217.0000,0.0000,11.9670,0.0000
3DQQ674515LR,Test_PCA_22 Feb,PAUSED,DAILY_BUDGET,1001.0,976.5000,8403,93,1.1067,10.5000,16,0,22,0,1047,0,11.4946,2527.0000,0.0000,130551.0000,0.0000,136.2806,0.0000
49MHTC9UVUG8,VANISH_FSN_ALL_PCA_SM_FEB-23,COMPLETED,TOTAL_BUDGET,15000.0,691.2000,4609,44,0.9547,15.7091,20,0,27,0,493,0,11.8182,3932.0000,0.0000,62115.0000,0.0000,95.5541,0.0000
E8HF9R0ABA7M,VANISH_FSN_ALL_PCA_BRAND_SM_MAR-23,LIVE,TOTAL_BUDGET,5000.0,430.5000,4423,41,0.9270,10.5000,13,0,12,0,1776,0,43.6098,1443.0000,0.0000,223218.0000,0.0000,521.8606,0.0000
JJXWRYBX155O,VANISH_FSN_ALL_PCA_COMP_SM_MAR-23,LIVE,TOTAL_BUDGET,2000.0,1008.0000,4228,72,1.7029,14.0000,15,0,22,0,89,0,1.5417,2568.0000,0.0000,10869.0000,0.0000,13.3304,0.0000
0KY9XD0VFRND,VANISH_FSN_ALL_PCA_BRAND_SM_FEB-23,COMPLETED,TOTAL_BUDGET,13000.0,984.6000,3926,40,1.0188,24.6150,5,0,13,0,343,0,8.9000,1429.0000,0.0000,44293.0000,0.0000,46.4371,0.0000
2SSI4JORNFIF,Test - PCA - 21 Jan,COMPLETED,TOTAL_BUDGET,10013.0,285.0000,1979,19,0.9601,15.0000,4,0,7,0,253,0,13.6842,984.0000,0.0000,30334.0000,0.0000,109.8877,0.0000
